{"rmse": 6.948804890573779, "mean": 6.030369079423845, "median": 4.3631826701116, "std": 3.4526132382864585, "min": 1.6585168235551422, "max": 13.981533715480927, "sse": 11492.041678928374}