{"rmse": 0.827274439217795, "mean": 0.8202406918660631, "median": 0.8338508641541864, "std": 0.10764852618684087, "min": 0.5378726685299201, "max": 1.1095912017600185, "sse": 162.19877047459875}